Person ID,Question Category,Question Text,Human Answer,AI Answer
c_human,shopping behavior,"where do you typically purchase your personal care products, and why?","i usually buy my products online, as this gives the most flexibility and there are some nice discouns. sometimes i buy them at stores when i see something interesting.","i typically purchase my personal care products from stores that offer a wide range of essentials, like supermarkets or online platforms this way, i can get everything i need in one place, saving time and effort i also look for retailers that provide good value for money and carry products with non-harmful ingredients"
s_human,shopping behavior,"where do you typically purchase your personal care products, and why?","i usually order my face products online from yesstyle page that has the korean skin products i need, but then when it comes to body shampoo i go to supermarkets or drugstores like dm.","i typically purchase my personal care products from online stores like yesstyle and soko glam because they offer a wide range of korean skincare brands and provide detailed ingredient lists i also appreciate that they often include free samples, which lets me try new products before committing plus, their transparency and reliability make me feel confident in my choices 😊"
g_human,shopping behavior,"where do you typically purchase your personal care products, and why?",i almost always get all my personal care products (which are being close to being empty) when doing grocery shopping in my nearest full-service supermarket. this feels the most convenient and time-efficient to me.,"i typically purchase my personal care products from the supermarket it's convenient, and i can easily find the brands i recognize and trust plus, i like to see the product sizes and designs before buying"
c_human,product preferences,"which personal care brands do you buy most often for skincare (or body wash) products, and why?",i don't really know the brands. i buy them because they get the job done and are affordable.,"i usually stick with brands that offer simple and effective products for skincare, i use a reliable sunscreen that doesn't have a bad scent and is affordable i don't follow trends much, so i prefer brands that are recommended by friends or have proven to work well for me"
s_human,product preferences,"which personal care brands do you buy most often for skincare (or body wash) products, and why?","for my face i mostly use korean products like 'some by me', 'axis-y', 'beauty of joseon' for sunscreen.","i mostly buy skincare products from korean brands like 'some by mi' for their aha, bha, pha toner, and axis-y for their niacinamide serum because they work well for my oily, acne-prone skin i also use sunscreen by beauty of joseon since it feels light and effective these brands are transparent about their ingredients and have natural, organic options that i prefer"
g_human,product preferences,"which personal care brands do you buy most often for skincare (or body wash) products, and why?",i'm actually not 100%% confident of the branding of my current body lotion. i think the current bottle is from niveau and the previous one was a cost-efficient discounter (no-name) brand.,i usually buy nivea for skincare and body wash products because they are reliable and have been effective for me over time i also sometimes pick up no-name brands if they have a good price-to-performance ratio i prefer sticking to what i know works well and fits into my routine
c_human,product preferences,"what is the ideal size and packaging for a body wash product for you? for example regarding volume in ml, materials used, design, functionality, informativeness, …","it should be around 300 ml, use natural materias and smell nice. of course it needs to clean the body haha","i prefer a body wash size of around 250-500 ml, with packaging made from recyclable or biodegradable materials the design should be simple and functional, like a pump or squeeze bottle, and clearly list essential information such as ingredients and usage instructions sustainability and ease of use are key for me"
s_human,product preferences,"what is the ideal size and packaging for a body wash product for you? for example regarding volume in ml, materials used, design, functionality, informativeness, …","for body wash, i would go with a big size as it is more efficient, but glass bottle and transparent, minimalistic.","for a body wash, i prefer a 250-300 ml glass bottle with a pump dispenser for ease of use the packaging should be clean and clear, with detailed ingredient information and usage instructions natural and organic ingredients are a must, and the design should be practical and informative"
g_human,product preferences,"what is the ideal size and packaging for a body wash product for you? for example regarding volume in ml, materials used, design, functionality, informativeness, …","for home use, i prefer medium-large sized metal bottles of more than 300 ml with a pump dispenser that can be refilled. regarding the design i don't have a strong opinion. however, i think i prefer a clean and minimalistic design. i don't really care about information of its ingredients. for traveling purposes, i prefer rather small plastic bottles (around 150ml) with a normal dispenser.","i prefer a body wash product that comes in a 500ml bottle, as it lasts long enough without needing frequent repurchases the packaging should be simple and functional, with clear labeling of ingredients and benefits a minimalistic design that fits easily into my routine and storage space is ideal"
c_human,shopping behavior,"which personal care products, if any, do you regularly buy in larger/bulk quantities?","i don't usually buy in bulk, but rather as soon as i need them.","i regularly buy toothpaste and deodorant in bulk these are essential items in my daily routine, and buying them in larger quantities helps me save money and avoid running out"
s_human,shopping behavior,"which personal care products, if any, do you regularly buy in larger/bulk quantities?","body wash, hand wash, thats it. i do not like to buy face products in big sizes or hair shampoo. i hate that.","i regularly buy the aha, bha, pha toner from 'some by mi' and the niacinamide serum from axis-y in bulk these products are essential for my skincare routine, and i like to ensure i always have a consistent supply plus, they work really well for my oily, acne-prone skin 😊"
g_human,shopping behavior,"which personal care products, if any, do you regularly buy in larger/bulk quantities?",i'm almost always only buying a single item as soon as one personal care product is about to go empty. in rare occasions i buy the same product twice in one shopping trip when its discounted.,i regularly buy head & shoulders shampoo and nivea roll-on deodorant in bulk these are products i use daily and trust for their effectiveness buying in larger quantities helps me avoid frequent shopping trips and ensures i always have them on hand
c_human,influences,"if you could choose one celebrity to represent a brand of men's or women's skin and body care products that inspires you to make a purchase, who would that celebrity be and why?","it would need to be a well-known celebreity, probably starring in movies which is handsome and lean. maybe something like jacob elordi or christian bale.","i'd choose emma watson she's known for her practical approach to personal care, advocates for sustainability, and uses products with non-harmful ingredients her consistency and health-conscious choices align with my values"
s_human,influences,"if you could choose one celebrity to represent a brand of men's or women's skin and body care products that inspires you to make a purchase, who would that celebrity be and why?","i do not know, it really depends on the day, it changes all the time, but if i had to pick one, i would go with keira knightley, just because i like her in general :)","i would choose hyram yarbro to represent a brand of skincare products he’s known for his dedication to skincare, transparency about ingredients, and practical advice, which aligns perfectly with my values and needs plus, he often recommends effective, natural, and organic products that suit my skin type"
g_human,influences,"if you could choose one celebrity to represent a brand of men's or women's skin and body care products that inspires you to make a purchase, who would that celebrity be and why?",i can't really think of a male celebrity right now since i haven't met any in real life and i'm aware that they are polished (using make-up) when being filmed or being at public events.,"i'd choose david beckham he's known for his practical and consistent approach to personal care, and he embodies reliability and a straightforward lifestyle plus, his long-term commitment to grooming makes him a trustworthy choice"
c_human,product preferences,how long have you been using your current brand of toothpaste? do you also remember the last time you switched brands and why?,"since forever, my mum used to buy them and i just continued to buy them, so something like 10 years? i did never have a specific reason to switch toothpase brands.",i've been using my current brand of toothpaste for a few years now the last time i switched brands was because i wanted a product with better ingredients i prefer to stick with what works and avoid unnecessary changes
s_human,product preferences,how long have you been using your current brand of toothpaste? do you also remember the last time you switched brands and why?,"i do not care much about toothpaste brand, my boyfriend buys those in the drugstore close by. i just want it to feel fresh and have the right texture, i do care about the ingredients tho.",i've been using my current brand of toothpaste for about two years now the last time i switched brands was because i wanted something with more natural ingredients and better effectiveness i always look for transparency in the ingredients and how well the product works for me 😊
g_human,product preferences,how long have you been using your current brand of toothpaste? do you also remember the last time you switched brands and why?,"its rather likely that my toothpaste brand changed when i bought a new toothpaste last week since i don't really pay attention to the toothpaste brands. however, i think that i'm usually rotating between 2-3 toothpaste brands (e.g., colgate, elmex, blend-a-med)","i've been using my current brand of toothpaste for several years now the last time i switched brands was because of a recommendation from a friend, but i quickly went back to my usual one since it works well for me i prefer sticking to what i know is reliable"
c_human,product preferences,"if you would create the perfect body wash for you, what ingredients would it have? what other features you would prefer?","i prefer something that is effective and not overpriced, and of course i care about sustainable ingredients","If I were to create my perfect body wash, it’d have a super gentle formula with ingredients like aloe vera or chamomile to keep my skin calm and hydrated. I’d want it to smell fresh but not too strong—something light and clean. Also, I’m all about sustainability, so the packaging needs to be eco-friendly! It should moisturize without leaving that greasy feeling, and definitely no harsh chemicals—stuff like sulfates or parabens. Just something simple, effective, and easy to use every day."
s_human,product preferences,"if you would create the perfect body wash for you, what ingredients would it have? what other features you would prefer?","the important things for me are ingredients, i want to have full transparency on the ingredient list. this should be clearly stated in the packaging. it would be nice to have for each ingredient also what are the effects on the body. I want a clear glass bottle, minimalistic. The texture if the body lotion is also very imprtant to me, it should be soft but not heavy. I want it to smell oud like.","If I were to create the perfect body wash, it would include organic coconut oil for hydration, aloe vera for soothing, and essential oils like lavender for a calming scent. I would ensure it’s free from harsh chemicals and packaged in biodegradable materials. A gentle exfoliating element from natural sources and cruelty-free testing would also be essential. Overall, it would nourish the skin while being kind to the planet."
g_human,product preferences,"if you would create the perfect body wash for you, what ingredients would it have? what other features you would prefer?","since i've never spent effort on investigating ingredients of a body wash, i don't have an answer to what ingredients should be in my perfect body wash. regarding other features, it should smell good and shouldn't impact the dryness of my skin in a negative way (ideally it effects it in a positive way)","i’d love a body wash that blends real peppermint extract for a cool, refreshing feel with shea butter for deep moisture. a mild, herbal fragrance would keep it invigorating yet not overpowering. i’d also prefer a refillable pump bottle for convenience and to reduce waste—so it’s both a pleasant daily ritual and a more eco-friendly choice."
c_human,product preferences,Which out of the following type of body lotion you would prefer and why? Option 1 – Dove Body Love Nourished Radiance Body Lotion Option 2 – Dove Body Love Light Hydration Body Lotion Option 3 – Dove Body Love Pro Age Body Lotion for Mature Skin Option 4 – Dove Body Love Supple Bounce Body Lotion,i would chose option 2,"I’d probably go for Option 2 – Dove Body Love Light Hydration Body Lotion. It sounds like it’s perfect for daily use, providing just the right amount of hydration without feeling too heavy. I’m not really after something super rich or intense, so a light hydration option is ideal. Plus, it’s something I can use every day without worrying about feeling greasy or sticky—just smooth and soft skin!"
s_human,product preferences,Which out of the following type of body lotion you would prefer and why? Option 1 – Dove Body Love Nourished Radiance Body Lotion Option 2 – Dove Body Love Light Hydration Body Lotion Option 3 – Dove Body Love Pro Age Body Lotion for Mature Skin Option 4 – Dove Body Love Supple Bounce Body Lotion,"my first choice would be option 1 and option 2, from what i understand just from the desciption I would like to have smth that hydratates and nourishes my body","I would prefer Option 2 – Dove Body Love Light Hydration Body Lotion. I tend to go for products that provide hydration without being too heavy or greasy, and the ""light hydration"" aspect fits my preference. Since I’m sensitive to strong scents, I also appreciate that Dove’s body lotions generally have a mild fragrance. I also value sustainability, so Dove’s commitment to responsible sourcing and packaging aligns with my values, making it a good fit for my body care routine."
g_human,product preferences,Which out of the following type of body lotion you would prefer and why? Option 1 – Dove Body Love Nourished Radiance Body Lotion Option 2 – Dove Body Love Light Hydration Body Lotion Option 3 – Dove Body Love Pro Age Body Lotion for Mature Skin Option 4 – Dove Body Love Supple Bounce Body Lotion,"i don't really feel addressed by any of the suggested product names. i think that i don't pay that much attention to product names (at least regarding personal care products). i rather pay attention to visual product designs. if I had to pick one, then ""dove body love light hydration body lotion"".","i’d pick the dove body love pro age body lotion for mature skin option because it absorbs quickly and feels weightless on my skin. that lightweight texture makes it easy to layer with my favorite scents, and it provides just the right amount of moisture for everyday comfort."
c_human,brand loyalty,"How likely are you to repurchase your preferred personal care brand, and what factors influence your loyalty to that brand?","as i said i would rebuy a brand if the product is working for me, has a good affortable price and smells good","I’d say I’m pretty likely to repurchase if a brand works well for me. I mean, if it keeps my skin feeling good and smells nice, I’m happy. I also really like when a brand cares about sustainability—whether it’s how they package stuff or the ingredients they use. And of course, price matters too. I’m not looking to spend a lot on products that don’t make a difference. As long as it feels nice, doesn’t irritate my skin, and isn’t crazy expensive, I’ll definitely stick with it!"
s_human,brand loyalty,"How likely are you to repurchase your preferred personal care brand, and what factors influence your loyalty to that brand?","if i am happy with the quality of the product, i stick to the brand, but i do not care much of the brand rather then the product itself.","I'm highly likely to repurchase my preferred personal care brands if they consistently deliver effective results, use clean and organic ingredients, have minimalistic and sustainable packaging, and align with my values of sustainability and ethical practices."
g_human,brand loyalty,"How likely are you to repurchase your preferred personal care brand, and what factors influence your loyalty to that brand?","i don't have a favorite personal care brand, so I can't answer what factors influence my loyalty. my generic answer would be high quality products with fair pricing.","i don’t really have a single favorite brand, but if i happen to like one and it stays easy to find and reasonably priced, i usually stick with it. convenience, price, and whether i’ve had any issues using it before are the main reasons i keep buying the same product."
c_human,shopping behavior,"How do you discover new personal care products, and what influences your decision to try them?",usually my friends or what i see is famous in instagram,"I mostly discover new products through friends or social media. If someone I trust recommends something or I see a positive review, that’s usually what gets my attention. I also pay attention to any cool ads or influencer posts that feel genuine, but it’s mostly about the product having a good reputation or sounding like it fits my needs. What influences me to try something new? It’s got to be something that aligns with what I already like—something simple, effective, and not full of harsh ingredients. I also check the price to make sure it’s reasonable."
s_human,shopping behavior,"How do you discover new personal care products, and what influences your decision to try them?","mostly from instagram, people that i follow. there are a few people that have same skin issues as i do or hten could also be from friends","I discover new personal care products mainly through social media, especially dermatologists and skincare experts on Instagram. I also do my own research to check ingredients and reviews. I’m influenced to try products if they’re high-quality, organic, sustainable, and have good performance without strong scents or harsh textures. If the packaging is minimalistic and functional, that's a bonus!"
g_human,shopping behavior,"How do you discover new personal care products, and what influences your decision to try them?","when buying a new product in the past, i think i mainly discovered them unintentionally when being in the personal care section of a supermarket. i think i could be influenced by the design of the product and whether i recognize the brand.","i mostly come across new products by chance when i’m shopping or if a friend mentions something they like. if it seems practical, within my usual budget, and doesn’t have a scent or texture i dislike, i might pick it up to see how it works."
